<?xml version="1.0" encoding="utf-8"?>
<resources>
    <color name="colorPrimary">#FFC107</color>
    <color name="colorPrimaryDark">#3F51B5</color>
    <color name="colorAccent">#00BCD4</color>
    <color name="colorPrimaryHalf">#DAFFFFFF</color>
    <color name="colorButtonPositive">#A3FF21</color>
    <color name="colorDark">#413E39</color>
    <color name="colorButtonNegative">#F44336</color>
    <color name="colorYellow">#FFEB3B</color>


    <color name="order_bg1">#9CB3C1</color>
    <color name="order_bg2">#009688</color>
    <color name="order_bg3">#E9E9E9</color>
    <color name="order_bg4">#FFFFFF</color>
</resources>
