<resources>
    <string name="app_name">Dexter Pizza</string>
    <string name="navigation_drawer_open">Open navigation drawer</string>
    <string name="navigation_drawer_close">Close navigation drawer</string>
    <string name="nav_header_title">Best Pizza in Cavite</string>
    <string name="nav_header_subtitle">android.studio@android.com</string>
    <string name="nav_header_desc">Navigation header</string>
    <string name="action_settings">Settings</string>

    <string name="menu_orders">Orders</string>
    <string name="menu_my_orders">My orders</string>
    <string name="menu_categories">Categories</string>
    <string name="menu_food_menu">Menu</string>
    <string name="menu_profile">Profile</string>
    <string name="menu_log_out">Log out</string>
    <string name="menu_cart">My Cart</string>
    <string name="title_activity_login">Dexter\'s Pizza</string>
    <string name="prompt_email">Email</string>
    <string name="prompt_password">Password</string>
    <string name="action_sign_in">Sign in or register</string>
    <string name="action_sign_in_short">Sign in</string>
    <string name="action_register">Register</string>
    <string name="register_form_title">Create Account</string>
    <string name="already_member">Already a member? Login in here</string>
    <string name="welcome">"Welcome !"</string>
    <string name="invalid_username">Not a valid username</string>
    <string name="invalid_password">Password must be >5 characters</string>
    <string name="login_failed">"Login failed"</string>


    <string name="first_name">First Name</string>
    <string name="last_name">Last Name</string>
    <string name="number">Number</string>
    <string name="address">Address</string>
    <string name="email_address">Email Address</string>
    <string name="password">Password</string>
    <string name="new_password">New Password</string>
    <string name="new_confirm_password">Confirm New Password</string>
    <string name="confirm_password">Confirm Password</string>
    <string name="register_now">Register Now</string>

    <string name="str_category_hint">Category name</string>
    <string name="str_uncategorized">Uncategorized</string>
    <!--    <string name="str_peso">₱</string>-->

</resources>
