<?xml version="1.0" encoding="utf-8"?>
<layer-list xmlns:android="http://schemas.android.com/apk/res/android">
    <item>
        <shape android:shape="oval">
            <solid android:color="@color/colorPrimaryHalf"/>
        </shape>
    </item>
    <item
        android:top="2dp"
        android:bottom="2dp"
        android:left="2dp"
        android:right="2dp">
        <shape android:shape="oval">
            <solid android:color="@color/colorPrimaryHalf"/>
        </shape>
    </item>
    <item
        android:drawable="@drawable/dexter_pizza_logo"
        android:bottom="15dp"
        android:left="15dp"
        android:right="15dp"
        android:top="15dp"/>
</layer-list>